Cam Macdonell - cmacdonell
Karo Castro-Wusnch - karoantonio
Mitchell Koens - mitchkoens
Christopher Dubeau - ChrisDubeau
Eric Watkins - WatkinsEric
Adam Sykes - AtrSykes
